Micheal,micheal@email.com,9123123123,united states,2
Barry,barry@email.com,9456456456,canada,1
Susan,susan@email.com,9789789789,singapore,2
Holmes ,holmes@email.com,9121212121,india,2
Jackson,jackson@email.com,9343434343,taiwan,1
Felix,felix@email.com,9565656565,australia,1
Jang Nara,nara@email.com,9787878787,korea,2
Thet Htar Soe,thethtarsoe@email.com,9797979797,myanmar,1
